﻿<?xml version="1.0" encoding="utf-8"?>
<ModMetaData>
  <name>MMDrumcanMOD</name>
  <author>dragon</author>
  <packageId>dragon.MMDrumcan.MOD</packageId>
  <url>
  </url>
  <supportedVersions>
    <li>1.1</li>
    <li>1.2</li>
    <li>1.3</li>
  </supportedVersions>
  <modDependencies>
    <li>
    <packageId>brrainz.harmony</packageId>
    <displayName>Harmony</displayName>
    <steamWorkshopUrl>steam://url/CommunityFilePage/2009463077</steamWorkshopUrl>
    <downloadUrl>https://github.com/pardeike/HarmonyRimWorld/releases/latest</downloadUrl>
    </li>
  </modDependencies>
  <loadAfter>
    <li>Ludeon.RimWorld</li>
    <li>Ludeon.RimWorld.Royalty</li>
    <li>brrainz.harmony</li>
  </loadAfter>
  <description>
※日本語の説明は下段にあります
～Created by google translation～

* Note: Harmony is required as a prerequisite MOD.

Contents
As a recreational facility, add a drumcan and a pressing drumcan.

◎ 2021/07/26 Update
・Tentative measures have been taken to prevent errors in Ver1.3. However, there is still a problem with the graphics of the drum bath in the 1.3 environment.
　There is no problem in the 1.1 and 1.2 environments.
　
◎ 2020/08/07 Update
・I tried to see if it works with Ver1.2, so it was ok so I wrote the support version.

◎ 2020/06/14 Update
・Fixed a small bug with pawns that had a dedicated graphic when bathing

◎ 2020/05/20 Update
・Added golden drums and drums as works of art.
  Can be created from the sculpture table.

◎2020/05/19 Update
・I replaced the illustration of the drumcan.

I would like to take this opportunity to thank you.

ーーーーーーーーーーーーーーーーーーーーーーーーーーーーーーーーーーーーーーーーーーーーーーーーーー

※注：前提MODとしてHarmonyが必要です。

～このModで追加されるもの～
娯楽設備としてドラム缶風呂と押すドラム缶を追加します。

◎ 2021/07/26 Update
・Ver1.3でエラーが出ないように暫定対応を行いました。但し1.3環境ではドラム缶風呂のグラフィックに問題が残っています。
　1.1及び1.2環境であれば問題ありません。

◎ 2020/08/07 Update
・Ver1.2で動くか試したら大丈夫だったのでサポートバージョンを記載。

◎ 2020/06/14 Update
・入浴時の専用グラフィックがあるポーンに関する小さなバグ修正

◎2020/05/20 Update
・芸術品として黄金のドラム缶とドラム缶を追加しました。
　彫刻台から作成できます。

◎2020/05/19 Update
・ドラム缶のイラストを差し替えました。

～スペシャルサンクス～
○ドラム缶の素敵なイラストはpsyche様に頂きました。
○作成に当たりIGNI様に多大なご尽力とご助言を頂きました。
○Rimworld相談所の皆様方から暖かい応援とご意見をいただきました。

この場を借りて御礼申し上げます。
</description>
</ModMetaData>
